Nr	|P@K			|R@K			|HR			
round1	0.08653234358430542	0.2611038559559985	0.9088016967126193
round2	0.07340402969247084	0.21360277002297792	0.8897136797454931
