Clf	 USA_vs_rest			
dummy	0.5
log_reg	0.809749699978091
svc	0.826633830008112
ran_for	0.7983741988790543
