Clf	 USA_vs_rest			
dummy	0.6505052151238593
log_reg	0.7907204068883094
svc	0.7284298946110387
ran_for	0.6505052151238593
