Nr	|P@K			|R@K			|HR			
round1	0.008261662757362523	0.01708823349200983	0.26035965598123534
round2	0.009710711493354184	0.018882029683666614	0.292415949960907
