Clf	 Gender			 Age			 Job			 State			 County			 City			
dummy	0.723404255319149	0.5957446808510638	0.2074468085106383	0.14361702127659576	------------------	------------------
log_reg	0.5478723404255319	0.3776595744680851	0.13829787234042554	0.0425531914893617	------------------	------------------
svc	0.574468085106383	0.44148936170212766	0.13297872340425532	0.03723404255319149	------------------	------------------
ran_for	0.7287234042553191	0.601063829787234	0.2127659574468085	0.1276595744680851	------------------	------------------
