Clf	 Gender			 Age			 Job			 State			 County			 City			
dummy	0.7105369807497467	0.5769053247776652	0.2078689631881121	0.12302713047393898	------------------	------------------
log_reg	0.6448159405606214	0.44327929753461665	0.13041202296521442	0.056202859394348756	------------------	------------------
svc	0.6310086682427108	0.4570471687492964	0.10815602836879432	0.059405606214116856	------------------	------------------
ran_for	0.7105257232916806	0.592772711921648	0.20791962174940898	0.11452212090509961	------------------	------------------
