Clf	 Gender			 Age			 Job			 State			 County			 City			
dummy	0.7105369807497467	0.5769053247776652	0.2078689631881121	------------------	------------------	0.0339187211527637
