Clf	 Gender			 Age			 Job			 major_city
dummy	0.7104984093319194	0.5768822905620361	0.20784729586426298	------------------
log_reg	0.6755037115588547	0.5196182396606575	0.23329798515376457	------------------
svc	0.7179215270413574	0.5927889713679746	0.22269353128313893	------------------
ran_for	0.7380699893955461	0.6373276776246023	0.34358430540827145	------------------
