Clf	 Gender			 Age			 Job			 state
log_reg	0.711558854718982	0.5768822905620361	0.18663838812301167	0.09968186638388123
svc	0.7104984093319194	0.5779427359490986	0.20784729586426298	0.11346765641569459
ran_for	0.7221633085896076	0.5588547189819725	0.19088016967126192	0.10604453870625663
