Clf	 Gender			 Age			 Job			 State			 County			 City			
dummy	0.5	0.5	0.5	0.5	------------------	------------------
log_reg	0.5407946832579186	0.5233202870189171	0.46306306306306305	0.4522659305268001	------------------	------------------
svc	0.5439055429864253	0.6254076973255056	0.5171171171171172	0.5210489993098689	------------------	------------------
ran_for	0.6652290723981901	0.6847684279191129	0.4333333333333333	0.50954681389464	------------------	------------------
