Clf	 Gender			 Age			 Job			 State			 County			 City			
dummy	0.7105369807497467	0.5769053247776652	0.20786896318811215	0.1233851198438792	------------------	------------------
log_reg	0.6448159405606214	0.4432792975346166	0.13041202296521442	0.056341871793253874	------------------	------------------
svc	0.6310086682427108	0.4570471687492964	0.10815602836879432	0.05957034738841155	------------------	------------------
ran_for	0.7105257232916806	0.592772711921648	0.20791962174940898	0.11480316378946313	------------------	------------------
