Clf	 Gender			 Age			 Job			 county
dummy	0.7104984093319194	0.6826617179215271	------------------	------------------
log_reg	0.6901351589937128	0.6760364644773286	------------------	------------------
svc	0.7403494409327421	0.7417753632559609	------------------	------------------
ran_for	0.7919930188282471	0.8009151542481353	------------------	------------------
