Clf	 Gender			 Age			 Job			 state
log_reg	------------------	0.11240721102863202	------------------	0.11240721102863202
svc	------------------	0.12301166489925769	------------------	0.12301166489925769
ran_for	------------------	0.11240721102863202	------------------	0.11240721102863202
