Clf	 Gender			 Age			 Job			 major_city
dummy	0.7104984093319194	0.5768822905620361	------------------	------------------
log_reg	0.6489925768822906	0.5387062566277837	------------------	------------------
svc	0.7104984093319194	0.5779427359490986	------------------	------------------
ran_for	0.7253446447507953	0.6182396606574762	------------------	------------------
