Clf	 Gender			 Age			 Job			 Area_5			 Area_2			
dummy	0.5	0.5	0.5	------------------	0.5
log_reg	0.5203626553463231	0.5291093026217062	0.41253576329477665	------------------	0.4775778004458264
svc	0.5175781042556618	0.5198301865557984	0.6876156508414571	------------------	0.48696622213897367
ran_for	0.6486009665682353	0.5919706115215078	0.6599235133011223	------------------	0.5000937483273626
