Clf	 Gender			 Age			 Job			 State			 County			 City			
ran_for	0.7127659574468085	0.5904255319148937	0.24468085106382978	0.10638297872340426	------------------	------------------
