Clf	 Gender			 Age			 Job			 major_city
dummy	0.7104984093319194	0.5768822905620361	------------------	------------------
log_reg	0.672322375397667	0.48038176033934255	------------------	------------------
svc	0.7136797454931071	0.5821845174973489	------------------	------------------
ran_for	0.7317073170731707	0.616118769883351	------------------	------------------
