Clf	 Gender			 Age			 Job			 State			 County			 City			
dummy	0.7105369807497467	0.5769053247776652	0.20786896318811215	------------------	------------------	0.04274915193497073
