Clf	 Gender			 Age			 Job			 county
dummy	0.7104984093319194	0.6826617179215271	------------------	------------------
log_reg	0.6314131362531755	0.6577690837999255	------------------	------------------
svc	0.7325406044876069	0.7335476340147699	------------------	------------------
ran_for	0.7805783307037737	0.7968721359259331	------------------	------------------
