Clf	 Gender			 Age			 Job			 state
log_reg	0.7073170731707317	0.574761399787911	0.18981972428419935	0.1007423117709438
svc	0.7020148462354189	0.574761399787911	0.20572640509013787	0.11346765641569459
ran_for	0.7009544008483564	0.5768822905620361	0.19088016967126192	0.10604453870625663
