Clf	 Gender			 Age			 Job			 county
dummy	0.7104984093319194	0.6826617179215271	------------------	------------------
log_reg	0.6350572224427578	0.6645039803249709	------------------	------------------
svc	0.7370174158194162	0.7446890578454404	------------------	------------------
ran_for	0.778845970026393	0.7866840446264207	------------------	------------------
