Clf	 Gender			 Age			 Job			 State			 County			 City			
ran_for	0.48352658371040724	0.49160143509458576	0.4756756756756756	0.5193236714975845	------------------	------------------
