Clf	 Gender			 Age			 Job			 state
dummy	0.7104984093319194	0.6826617179215271	------------------	------------------
log_reg	0.6601806693063473	0.6685540270497915	------------------	------------------
svc	0.7464112976230505	0.7588341398191059	------------------	------------------
ran_for	0.8094971149812932	0.817472102864327	------------------	------------------
