Nr	|P@K			|R@K			|HR			
round1	0.08551431601272536	0.2581847258129882	0.9225874867444327
round2	0.07465535524920468	0.22594622013337268	0.8928950159066809
