Nr	|P@K			|R@K			|HR			
round1	0.08345705196182397	0.2569091004821902	0.8928950159066809
round2	0.07071049840933193	0.20825704347909002	0.8886532343584306
