Nr	|P@K			|R@K			|HR			
round1	0.08574761399787913	0.2562080998504114	0.911983032873807
round2	0.06956521739130436	0.2102018528741206	0.8812301166489925
