Nr	|P@K			|R@K			|HR			
round1	0.07972428419936374	0.24598610878180288	0.870625662778367
round2	0.07444326617179217	0.22514415147546993	0.9003181336161188
