Nr	|P@K			|R@K			|HR			
round1	0.09075291622481443	0.266622971583109	0.9459172852598091
round2	0.07317073170731707	0.2214616465334508	0.8844114528101803
