Nr	|P@K			|R@K			|HR			
round1	0.09075291622481442	0.26970332525688934	0.9204665959703076
round2	0.07104984093319194	0.210726915611467	0.8738069989395546
