Nr	|P@K			|R@K			|HR			
round1	0.08825026511134676	0.2623915700663294	0.9172852598091198
round2	0.06986214209968188	0.20714019090136285	0.8685047720042418
