Nr	|P@K			|R@K			|HR			
round1	0.08911983032873808	0.2707191458409241	0.9141039236479321
round2	0.07225874867444328	0.21658457457937458	0.887592788971368
