Nr	|P@K			|R@K			|HR			
round1	0.08865323435843053	0.2700961741180565	0.9098621420996819
round2	0.07149522799575822	0.21642867922452147	0.8865323435843054
