Nr	|P@K			|R@K			|HR			
round1	0.09136797454931073	0.2690769230073643	0.9034994697773064
round2	0.07270413573700954	0.21688041487742174	0.8854718981972428
