Nr	|P@K			|R@K			|HR			
round1	0.09147401908801697	0.26696359099705025	0.9098621420996819
round2	0.07134676564156947	0.2144684671799676	0.8738069989395546
