Nr	|P@K			|R@K			|HR			
round1	0.09300106044538707	0.27369880090045473	0.9278897136797455
round2	0.07234358430540827	0.2180037373426296	0.8621420996818664
