Nr	|P@K			|R@K			|HR			
round1	0.08973488865323437	0.2613996610786115	0.9034994697773064
round2	0.07336161187698834	0.21869920969906018	0.8844114528101803
