Nr	|P@K			|R@K			|HR			
round1	0.0901166489925769	0.26777597329062913	0.9056203605514316
round2	0.06998939554612937	0.2061179660127872	0.8738069989395546
