Nr	|P@K			|R@K			|HR			
round1	0.08895015906680807	0.260597459057906	0.9236479321314952
round2	0.07516436903499471	0.22391607248747142	0.8844114528101803
