Nr	|P@K			|R@K			|HR			
round1	0.0871049840933192	0.25920548777188596	0.8928950159066809
round2	0.07232237539766703	0.21795775186761623	0.8886532343584306
