Nr	|P@K			|R@K			|HR			
round1	0.08786850477200424	0.26656010918961237	0.9066808059384942
round2	0.07056203605514316	0.21052043855184532	0.8738069989395546
