Nr	|P@K			|R@K			|HR			
round1	0.09151643690349946	0.26756845358354087	0.9310710498409331
round2	0.07166489925768824	0.21413930433110692	0.8897136797454931
