Nr	|P@K			|R@K			|HR			
round1	0.08595970307529162	0.25634496357606584	0.8981972428419936
round2	0.07465535524920468	0.2216326321491638	0.8981972428419936
