Nr	|P@K			|R@K			|HR			
round1	0.09187698833510075	0.2660229531916179	0.9289501590668081
round2	0.0711558854718982	0.21632976783348418	0.8791092258748674
