Nr	|P@K			|R@K			|HR			
round1	0.002412587412587413	0.0061044181625703785	0.08828671328671328
round2	0.0010489510489510492	0.0032894238484656993	0.04603729603729604
