Nr	|P@K			|R@K			|HR			
round1	0.08786850477200425	0.2618872568110091	0.9236479321314952
round2	0.07461293743372217	0.22588949401957975	0.8960763520678685
