Nr	|P@K			|R@K			|HR			
round1	0.08710498409331921	0.2622315315057234	0.9183457051961824
round2	0.07132555673382822	0.21499616490223777	0.8769883351007424
