Nr	|P@K			|R@K			|HR			
round1	0.09647932131495227	0.27803464228999514	0.936373276776246
round2	0.06878048780487807	0.20828128314291972	0.8716861081654295
