Nr	|P@K			|R@K			|HR			
round1	0.09151643690349948	0.26695015727041427	0.9459172852598091
round2	0.07374337221633084	0.2207852487592932	0.8950159066808059
