Nr	|P@K			|R@K			|HR			
round1	0.09346765641569461	0.27218564056146516	0.9459172852598091
round2	0.07005302226935313	0.21320878953128927	0.8822905620360552
