Nr	|P@K			|R@K			|HR			
round1	0.10171792152704137	0.26618860138336364	0.95864262990456
round2	0.06901378579003183	0.2052951528745823	0.8918345705196182
