Nr	|P@K			|R@K			|HR			
round1	0.0019463869463869465	0.005740310139129488	0.0777972027972028
round2	0.0013344988344988346	0.0045562868564697715	0.05710955710955711
