Nr	|P@K			|R@K			|HR			
round1	0.09094379639448569	0.26554204729227177	0.9342523860021209
round2	0.07102863202545068	0.2137836951553532	0.8844114528101803
