Nr	|P@K			|R@K			|HR			
round1	0.0024441717791411047	0.005890834096759423	0.09521472392638036
round2	0.001192638036809816	0.0035640886337725336	0.05325153374233129
