Clf	 Gender			 Age			 Job			 State			 County			 City			
log_reg	0.6978385680513339	0.5578183046268153	0.18348530901722387	------------------	------------------	0.03183046268152651
