Nr	|P@K			|R@K			|HR			
round1	0.08530222693531282	0.25823628034377516	0.911983032873807
round2	0.07018027571580064	0.20840635111008168	0.8759278897136797
