Nr	|P@K			|R@K			|HR			
round1	0.009096736596736597	0.018903854597419285	0.28146853146853146
round2	0.012517482517482519	0.024417039027158097	0.3537296037296037
