Nr	|P@K			|R@K			|HR			
round1	0.0858324496288441	0.25729295048947126	0.9162248144220573
round2	0.07172852598091199	0.2170225530116198	0.8950159066808059
