Nr	|P@K			|R@K			|HR			
round1	0.08831389183457052	0.27040453490243505	0.9056203605514316
round2	0.07166489925768824	0.21404311164861442	0.8854718981972428
