Nr	|P@K			|R@K			|HR			
round1	0.08036055143160127	0.2500685424796055	0.9098621420996819
round2	0.07556733828207848	0.2179614051794306	0.8960763520678685
