Nr	|P@K			|R@K			|HR			
round1	0.00783803680981595	0.01625859086898614	0.24957055214723928
round2	0.009079754601226994	0.01671945766991463	0.26625766871165646
