Nr	|P@K			|R@K			|HR			
round1	0.002329945269741986	0.005736542775405459	0.08418034923117018
round2	0.0012614021370862655	0.003963190202133112	0.054469637737816004
