Nr	|P@K			|R@K			|HR			
round1	0.002203680981595092	0.005630122875902133	0.08588957055214724
round2	0.0010944785276073622	0.003534079457423355	0.05006134969325153
