Nr	|P@K			|R@K			|HR			
round1	0.002267396403440188	0.006226164511273309	0.08574407088871515
round2	0.00108939275475632	0.003777142602616989	0.04925723221266615
