Nr	|P@K			|R@K			|HR			
round1	0.07925768822905621	0.24337579271459905	0.8865323435843054
round2	0.0703287380699894	0.20547009060293953	0.8812301166489925
