Nr	|P@K			|R@K			|HR			
round1	0.09187698833510076	0.26465411895134766	0.9342523860021209
round2	0.07652173913043478	0.22828107650989204	0.9215270413573701
