Nr	|P@K			|R@K			|HR			
round1	0.09469777306468719	0.27563858457986135	0.9459172852598091
round2	0.07094379639448568	0.20992391878523334	0.870625662778367
