Nr	|P@K			|R@K			|HR			
round1	0.008464946572843367	0.01724004210931706	0.2694813656502476
round2	0.01055512118842846	0.02054153352564353	0.3051863434975241
