Clf	 USA_vs_rest			
dummy	0.5
log_reg	0.701470743472677
svc	0.710824153611376
ran_for	0.6835718356388266
