Clf	 USA_vs_rest			
dummy	0.7126251917980192
log_reg	0.7716675965964569
svc	0.7133721579020784
ran_for	0.7126251917980192
