Nr	|P@K			|R@K			|HR			
round1	0.01390881913303438	0.030815483949040743	0.4020926756352765
round2	0.016846038863976086	0.03680358769241657	0.4656203288490284
