Clf	 USA_vs_rest			
dummy	0.5
log_reg	0.793602978457234
svc	0.8091710095427708
ran_for	0.717255669890695
