Clf	 USA_vs_rest			
dummy	0.673071748974075
log_reg	0.7986657669930105
svc	0.692306092742774
ran_for	0.673071748974075
