Nr	|P@K			|R@K			|HR			
round1	0.010186480186480187	0.022156752122051933	0.3071095571095571
round2	0.012558275058275057	0.025570301646673673	0.3554778554778555
